{
  "project_info": {
    "project_number": "403609982614",
    "firebase_url": "https://qnafirebaseproject.firebaseio.com",
    "project_id": "qnafirebaseproject",
    "storage_bucket": "qnafirebaseproject.appspot.com"
  },
  "client": [
    {
      "client_info": {
        "mobilesdk_app_id": "1:403609982614:android:4e72f1576b6c398e",
        "android_client_info": {
          "package_name": "learn.teach.QnA"
        }
      },
      "oauth_client": [
        {
          "client_id": "403609982614-q7m66gjrnaqrq26skkoap0qqiqtg0cvi.apps.googleusercontent.com",
          "client_type": 1,
          "android_info": {
            "package_name": "learn.teach.QnA",
            "certificate_hash": "dc46303bc8acdafa821214c8c168be7aed27d669"
          }
        },
        {
          "client_id": "403609982614-hsf5jn5hssqopi9m1evid7rptkj4bi6p.apps.googleusercontent.com",
          "client_type": 1,
          "android_info": {
            "package_name": "learn.teach.QnA",
            "certificate_hash": "79263dfeac21d192f3d911ddebe10a9f8c54760a"
          }
        },
        {
          "client_id": "403609982614-fsodbv821ctmbfkj8nm1237pnkqffvrd.apps.googleusercontent.com",
          "client_type": 3
        }
      ],
      "api_key": [
        {
          "current_key": "AIzaSyD7N_vapsCRbV4LePYh3X09DWfmOOXn-gQ"
        }
      ],
      "services": {
        "analytics_service": {
          "status": 1
        },
        "appinvite_service": {
          "status": 2,
          "other_platform_oauth_client": [
            {
              "client_id": "403609982614-fsodbv821ctmbfkj8nm1237pnkqffvrd.apps.googleusercontent.com",
              "client_type": 3
            }
          ]
        },
        "ads_service": {
          "status": 2
        }
      }
    },
    {
      "client_info": {
        "mobilesdk_app_id": "1:403609982614:android:5920de3503a2d18c",
        "android_client_info": {
          "package_name": "com.google.firebase.quickstart.fcm"
        }
      },
      "oauth_client": [
        {
          "client_id": "403609982614-rooaq4b1o656e6v990msgc46qs4ct6e7.apps.googleusercontent.com",
          "client_type": 1,
          "android_info": {
            "package_name": "com.google.firebase.quickstart.fcm",
            "certificate_hash": "dc46303bc8acdafa821214c8c168be7aed27d669"
          }
        },
        {
          "client_id": "403609982614-fsodbv821ctmbfkj8nm1237pnkqffvrd.apps.googleusercontent.com",
          "client_type": 3
        }
      ],
      "api_key": [
        {
          "current_key": "AIzaSyD7N_vapsCRbV4LePYh3X09DWfmOOXn-gQ"
        }
      ],
      "services": {
        "analytics_service": {
          "status": 1
        },
        "appinvite_service": {
          "status": 2,
          "other_platform_oauth_client": [
            {
              "client_id": "403609982614-fsodbv821ctmbfkj8nm1237pnkqffvrd.apps.googleusercontent.com",
              "client_type": 3
            }
          ]
        },
        "ads_service": {
          "status": 2
        }
      }
    }
  ],
  "configuration_version": "1"
}